league,role,role8,psr,osr,dsr,n,live_subset
ACLE,DEF,CB,0.202802314263393,0.0844041307062711,0.11839818355712,18,FALSE
ACLE,DEF,FB,0.211174548898114,0.104779745485874,0.106394803412237,14,FALSE
ACLE,FWD,ST,0.339674544566486,0.269421743991701,0.0702528005747861,14,FALSE
ACLE,FWD,W,0.385957482082908,0.259827714008988,0.12612976807392,6,FALSE
ACLE,GK,GK,-0.341671203137997,-0.254300500386754,-0.0873707027512427,8,FALSE
ACLE,MID,AM,0.3092928644956,0.226590234860999,0.0827026296346012,3,FALSE
ACLE,MID,CM,0.251230825315677,0.136311492851954,0.114919332463723,11,FALSE
ACLE,MID,DM,0.260340490665756,0.127430940850285,0.132909549815472,6,FALSE
ACLE,MID,W,0.296676553454078,0.201350757504083,0.0953257959499963,8,FALSE
ACLE,OTHER,OTHER,0.342899381414235,0.223165997172877,0.119733384241361,31,FALSE
ARG,DEF,CB,0.266341819810962,0.104673126593215,0.161668693217736,0,FALSE
ARG,DEF,FB,0.27755927715346,0.128008231187752,0.149551045965702,0,FALSE
ARG,FWD,ST,0.400343422703826,0.289255254688255,0.111088168015567,0,FALSE
ARG,FWD,W,0.441736285588604,0.272926356741279,0.168809928847325,0,FALSE
ARG,GK,GK,-0.315594117646979,-0.260838335120667,-0.0547557825263098,0,FALSE
ARG,MID,AM,0.370764980604435,0.247836912187797,0.122928068416639,0,FALSE
ARG,MID,CM,0.324589204968839,0.160980972742405,0.163608232226429,0,FALSE
ARG,MID,DM,0.32508634240392,0.148443904715795,0.176642437688119,0,FALSE
ARG,MID,W,0.361358934583224,0.223265284535759,0.138093650047466,0,FALSE
ARG,OTHER,OTHER,0.416487178292295,0.254331758141303,0.162155420150993,0,FALSE
AUS,DEF,CB,0.313645007875397,0.154938358803447,0.158706649071952,0,FALSE
AUS,DEF,FB,0.324862465217901,0.178273463397984,0.146589001819917,0,FALSE
AUS,FWD,ST,0.467408190804323,0.36051950303246,0.106888687771865,0,FALSE
AUS,FWD,W,0.508801053689105,0.344190605085481,0.164610448603625,0,FALSE
AUS,GK,GK,-0.317112994418812,-0.22880305111237,-0.0883099433064415,0,FALSE
AUS,MID,AM,0.425626792820242,0.30613407657225,0.119492716247992,0,FALSE
AUS,MID,CM,0.379451017184636,0.219278137126855,0.160172880057782,0,FALSE
AUS,MID,DM,0.379948154619723,0.20674106910025,0.173207085519473,0,FALSE
AUS,MID,W,0.416220746799034,0.281562448920214,0.134658297878819,0,FALSE
AUS,OTHER,OTHER,0.467976443628566,0.309045192570629,0.158931251057935,0,FALSE
BEL,DEF,CB,0.336108493188389,0.170543124667416,0.16556536852097,154,FALSE
BEL,DEF,FB,0.339796519706634,0.186046408654141,0.153750111052495,94,FALSE
BEL,FWD,ST,0.478452162017252,0.345033234547204,0.13341892747005,102,FALSE
BEL,FWD,W,0.53614527367416,0.351153896481105,0.184991377193056,58,FALSE
BEL,GK,GK,-0.381828667126278,-0.28578600820755,-0.0960426589187289,66,FALSE
BEL,MID,AM,0.462528273566072,0.317254953204184,0.145273320361889,56,FALSE
BEL,MID,CM,0.381586331318539,0.220387648642755,0.161198682675784,84,FALSE
BEL,MID,DM,0.407274276556781,0.218545534910924,0.188728741645857,61,FALSE
BEL,MID,W,0.443732514103923,0.290729930019142,0.153002584084781,50,FALSE
BEL,OTHER,OTHER,0.474785324630902,0.298353344248278,0.176431980382621,231,FALSE
BRA,DEF,CB,0.271368928888331,0.117110995489056,0.154257933399275,0,FALSE
BRA,DEF,FB,0.282586386230833,0.140446100083593,0.14214028614724,0,FALSE
BRA,FWD,ST,0.407470678144421,0.306889220331905,0.10058145781251,0,FALSE
BRA,FWD,W,0.448863541029198,0.290560322384931,0.158303218644269,0,FALSE
BRA,GK,GK,-0.324358113744987,-0.239493267042644,-0.0848648467023451,0,FALSE
BRA,MID,AM,0.376595376513809,0.262262240704739,0.114333135809071,0,FALSE
BRA,MID,CM,0.330419600878202,0.175406301259342,0.155013299618862,0,FALSE
BRA,MID,DM,0.330916738313287,0.162869233232737,0.168047505080552,0,FALSE
BRA,MID,W,0.367189330492604,0.237690613052702,0.129498717439901,0,FALSE
BRA,OTHER,OTHER,0.421959159436703,0.267870311418566,0.154088848018121,0,FALSE
CAFCL,DEF,CB,0.231277448682323,0.085422445322175,0.145855003360149,0,FALSE
CAFCL,DEF,FB,0.242494906024826,0.108757549916712,0.133737356108114,0,FALSE
CAFCL,FWD,ST,0.350630411497718,0.261962327339246,0.0886680841584723,0,FALSE
CAFCL,FWD,W,0.392023274382499,0.245633429392267,0.146389844990232,0,FALSE
CAFCL,GK,GK,-0.238192624837522,-0.22564809312874,-0.0125445317087814,0,FALSE
CAFCL,MID,AM,0.330097638231997,0.225510145131852,0.104587493100145,0,FALSE
CAFCL,MID,CM,0.283921862596392,0.138654205686456,0.145267656909936,0,FALSE
CAFCL,MID,DM,0.284419000031478,0.126117137659851,0.158301862371627,0,FALSE
CAFCL,MID,W,0.320691592210789,0.200938517479816,0.119753074730973,0,FALSE
CAFCL,OTHER,OTHER,0.378319799247288,0.233377495301366,0.144942303945924,0,FALSE
CCC,DEF,CB,0.285909955942201,0.134927323519697,0.150982632422504,0,FALSE
CCC,DEF,FB,0.297127413284701,0.158262428114234,0.138864985170469,0,FALSE
CCC,FWD,ST,0.428086426198915,0.332148572960527,0.0959378532383863,0,FALSE
CCC,FWD,W,0.469479289083696,0.31581967501355,0.153659614070146,0,FALSE
CCC,GK,GK,-0.313991782500248,-0.238849216614951,-0.0751425658852973,0,FALSE
CCC,MID,AM,0.393459928953014,0.282925457768686,0.110534471184328,0,FALSE
CCC,MID,CM,0.347284153317409,0.196069518323289,0.151214634994119,0,FALSE
CCC,MID,DM,0.347781290752494,0.183532450296685,0.16424884045581,0,FALSE
CCC,MID,W,0.384053882931806,0.25835383011665,0.125700052815156,0,FALSE
CCC,OTHER,OTHER,0.437786989037077,0.287263288484694,0.150523700552384,0,FALSE
ENG,DEF,CB,0.320880298602453,0.165510762884598,0.155369535717856,90,FALSE
ENG,DEF,FB,0.325544016459928,0.182028922990889,0.143515093469043,64,FALSE
ENG,FWD,ST,0.462480723420842,0.345421405069279,0.117059318351568,40,FALSE
ENG,FWD,W,0.517335027707326,0.347632312192466,0.169702715514864,58,FALSE
ENG,GK,GK,-0.380900812075087,-0.295038931060887,-0.0858618810142013,40,FALSE
ENG,MID,AM,0.443002598997366,0.312087776932398,0.130914822064969,45,FALSE
ENG,MID,CM,0.367066479299674,0.216661963399068,0.150404515900605,22,FALSE
ENG,MID,DM,0.389127314446737,0.213279931735649,0.175847382711088,59,FALSE
ENG,MID,W,0.425558821759885,0.285844014304984,0.139714807454901,22,FALSE
ENG,OTHER,OTHER,0.460874135448826,0.296864791780032,0.164009343668799,138,FALSE
ENG2,DEF,CB,0.294247644731677,0.143524496972226,0.150723147759453,187,FALSE
ENG2,DEF,FB,0.29737254240532,0.158442036273466,0.138930506131854,160,FALSE
ENG2,FWD,ST,0.421252140137763,0.3058723657776,0.115379774360157,118,FALSE
ENG2,FWD,W,0.48078560246249,0.314527655439993,0.166257947022497,112,FALSE
ENG2,GK,GK,-0.411537109089606,-0.345657220912626,-0.0658798881769843,88,FALSE
ENG2,MID,AM,0.413795727345129,0.284837971282002,0.128957756063127,72,FALSE
ENG2,MID,CM,0.331349335500622,0.187537441096876,0.143811894403747,67,FALSE
ENG2,MID,DM,0.358127372179487,0.186158134204177,0.171969237975307,120,FALSE
ENG2,MID,W,0.394593643229485,0.258228418066509,0.136365225162975,44,FALSE
ENG2,OTHER,OTHER,0.428301912550967,0.267154118041474,0.161147794509487,310,FALSE
ESP,DEF,CB,0.30235930480064,0.152052110536224,0.150307194264416,135,FALSE
ESP,DEF,FB,0.306084929595245,0.167594502785246,0.138490426810002,108,FALSE
ESP,FWD,ST,0.436029476924693,0.32283814104028,0.113191335884415,84,FALSE
ESP,FWD,W,0.492900098964662,0.327826027016891,0.165074071947771,54,FALSE
ESP,GK,GK,-0.33116592577583,-0.262007319442316,-0.0691586063335093,61,FALSE
ESP,MID,AM,0.422727487231381,0.295525578996888,0.127201908234493,27,FALSE
ESP,MID,CM,0.342971455342764,0.19899977258596,0.143971682756806,72,FALSE
ESP,MID,DM,0.367800115740754,0.196792842760717,0.17100727298004,60,FALSE
ESP,MID,W,0.404252020729948,0.269067188179558,0.135184832550388,60,FALSE
ESP,OTHER,OTHER,0.438639648261552,0.278647869845243,0.159991778416316,232,FALSE
FRA,DEF,CB,0.331521448516604,0.167855841351775,0.163665607164832,82,FALSE
FRA,DEF,FB,0.336503347681769,0.184704961258444,0.151798386423327,52,FALSE
FRA,FWD,ST,0.476716144196739,0.349071221673991,0.12764492252275,54,FALSE
FRA,FWD,W,0.530916345402479,0.350381263633419,0.180535081769062,34,FALSE
FRA,GK,GK,-0.315886972507205,-0.243200442106355,-0.0726865304008493,36,FALSE
FRA,MID,AM,0.455554651003651,0.315445192729756,0.140109458273893,35,FALSE
FRA,MID,CM,0.380356452061278,0.220231872974952,0.160124579086324,45,FALSE
FRA,MID,DM,0.401882605886446,0.216622838178303,0.185259767708142,36,FALSE
FRA,MID,W,0.438310172829304,0.28924289142085,0.149067281408453,22,FALSE
FRA,OTHER,OTHER,0.472935389863623,0.30035407439047,0.172581315473156,123,FALSE
GER,DEF,CB,0.345474059286761,0.18424649313283,0.161227566153934,43,FALSE
GER,DEF,FB,0.35222746031188,0.202938260259111,0.149289200052771,22,FALSE
GER,FWD,ST,0.495625574643309,0.37623098592091,0.119394588722401,32,FALSE
GER,FWD,W,0.545435779107145,0.371494893486191,0.173940885620952,10,FALSE
GER,GK,GK,-0.419800339739254,-0.314660778904861,-0.105139560834387,18,FALSE
GER,MID,AM,0.471387207824143,0.337760203847928,0.133627003976211,15,FALSE
GER,MID,CM,0.403336711884283,0.244605157163548,0.158731554720737,28,FALSE
GER,MID,DM,0.419683795650328,0.238797307703844,0.180886487946484,12,FALSE
GER,MID,W,0.456073195084879,0.31195950825162,0.144113686833259,18,FALSE
GER,OTHER,OTHER,0.491491934819527,0.32399419541816,0.167497739401368,60,FALSE
ITA,DEF,CB,0.293602390510283,0.145395335695205,0.148207054815079,97,FALSE
ITA,DEF,FB,0.298402289967451,0.162055146596055,0.136347143371396,48,FALSE
ITA,FWD,ST,0.421780253805148,0.314531013678094,0.107249240127059,72,FALSE
ITA,FWD,W,0.476117431891328,0.316029707401225,0.160087724490103,18,FALSE
ITA,GK,GK,-0.303702662876406,-0.242328176446452,-0.0613744864299479,40,FALSE
ITA,MID,AM,0.413026382775528,0.290198998276524,0.122827384499004,31,FALSE
ITA,MID,CM,0.335974044988358,0.194451755378619,0.14152228960974,80,FALSE
ITA,MID,DM,0.358843667473764,0.191413100699587,0.167430566774176,18,FALSE
ITA,MID,W,0.395281135200094,0.263892519058748,0.131388616141346,36,FALSE
ITA,OTHER,OTHER,0.431738094674116,0.275400712987663,0.156337381686454,160,FALSE
LGC,DEF,CB,0.294234301430819,0.137482943894923,0.156751357535896,0,FALSE
LGC,DEF,FB,0.305451758773321,0.16081804848946,0.14463371028386,0,FALSE
LGC,FWD,ST,0.439888385488047,0.335771840119265,0.10411654536878,0,FALSE
LGC,FWD,W,0.481281248372827,0.319442942172287,0.16183830620054,0,FALSE
LGC,GK,GK,-0.302009312748946,-0.207914903732643,-0.0940944090163014,0,FALSE
LGC,MID,AM,0.40311443000681,0.285889443302379,0.117224986704431,0,FALSE
LGC,MID,CM,0.356938654371205,0.199033503856982,0.157905150514222,0,FALSE
LGC,MID,DM,0.357435791806291,0.186496435830378,0.170939355975913,0,FALSE
LGC,MID,W,0.393708383985603,0.261317815650344,0.132390568335259,0,FALSE
LGC,OTHER,OTHER,0.44684799424946,0.290045067493321,0.156802926756142,0,FALSE
LIB,DEF,CB,0.258958124597681,0.109297387289196,0.149660737308484,0,FALSE
LIB,DEF,FB,0.27017558194018,0.132632491883733,0.137543090056449,0,FALSE
LIB,FWD,ST,0.389875083729948,0.295811366102765,0.0940637176271862,0,FALSE
LIB,FWD,W,0.431267946614729,0.279482468155785,0.151785478458945,0,FALSE
LIB,GK,GK,-0.278926747238566,-0.213972634350739,-0.0649541128878276,0,FALSE
LIB,MID,AM,0.362201437282623,0.253200088166423,0.109001349116202,0,FALSE
LIB,MID,CM,0.316025661647018,0.166344148721026,0.149681512925994,0,FALSE
LIB,MID,DM,0.316522799082107,0.153807080694421,0.162715718387683,0,FALSE
LIB,MID,W,0.352795391261418,0.228628460514387,0.12416693074703,0,FALSE
LIB,OTHER,OTHER,0.408450065836343,0.259365240993128,0.149084824843211,0,FALSE
MEX,DEF,CB,0.284074484380015,0.135972139275761,0.148102345104253,171,FALSE
MEX,DEF,FB,0.287504404365656,0.15120695090272,0.136297453462936,116,FALSE
MEX,FWD,ST,0.406368307128763,0.296724306942537,0.109644000186227,98,FALSE
MEX,FWD,W,0.464128775185557,0.302937735652808,0.161191039532752,64,FALSE
MEX,GK,GK,-0.341763325178095,-0.250358064885465,-0.0914052602926332,73,FALSE
MEX,MID,AM,0.401951682889037,0.276588448207544,0.125363234681493,57,FALSE
MEX,MID,CM,0.320378353181893,0.17953932750117,0.140839025680723,80,FALSE
MEX,MID,DM,0.346523788034157,0.177891444559815,0.168632343474344,82,FALSE
MEX,MID,W,0.382985397082059,0.250027949456357,0.132957447625703,52,FALSE
MEX,OTHER,OTHER,0.41778124411372,0.260046353521818,0.157734890591903,248,FALSE
MLS,DEF,CB,0.315871772071261,0.153573506907691,0.162298265163569,0,FALSE
MLS,DEF,FB,0.327089229413751,0.176908611502227,0.150180617911531,0,FALSE
MLS,FWD,ST,0.470565217434456,0.358584464832579,0.111980752601869,0,FALSE
MLS,FWD,W,0.511958080319238,0.342255566885609,0.169702513433633,0,FALSE
MLS,GK,GK,-0.346434870290553,-0.242132776240796,-0.104302094049757,0,FALSE
MLS,MID,AM,0.428209373913833,0.30455113361489,0.123658240298949,0,FALSE
MLS,MID,CM,0.382033598278228,0.217695194169494,0.164338404108739,0,FALSE
MLS,MID,DM,0.382530735713317,0.20515812614289,0.17737260957043,0,FALSE
MLS,MID,W,0.418803327892625,0.279979505962853,0.138823821929776,0,FALSE
MLS,OTHER,OTHER,0.470400264457823,0.307559558635982,0.162840705821851,0,FALSE
NED,DEF,CB,0.330010548749274,0.179836409163337,0.150174139585935,143,FALSE
NED,DEF,FB,0.333619763069339,0.195257715771922,0.138362047297416,116,FALSE
NED,FWD,ST,0.473979052436633,0.359642788417392,0.114336264019235,107,FALSE
NED,FWD,W,0.532090945188475,0.366340217700015,0.165750727488459,66,FALSE
NED,GK,GK,-0.505762491070151,-0.388548362708448,-0.117214128361701,66,FALSE
NED,MID,AM,0.454720230679391,0.327301005962001,0.12741922471739,44,FALSE
NED,MID,CM,0.374644543799893,0.230683150782493,0.143961393017401,82,FALSE
NED,MID,DM,0.399704819248474,0.228574554936825,0.171130264311647,67,FALSE
NED,MID,W,0.436158431140499,0.300824654791485,0.135333776349014,34,FALSE
NED,OTHER,OTHER,0.468469062952723,0.308397018434808,0.160072044517909,241,FALSE
POR,DEF,CB,0.268917511258087,0.121718004784057,0.147199506474029,143,FALSE
POR,DEF,FB,0.272569068577338,0.137183354930773,0.135385713646565,110,FALSE
POR,FWD,ST,0.389359187441857,0.279472025765885,0.109887161675976,104,FALSE
POR,FWD,W,0.447793219497502,0.286613122239825,0.161180097257676,80,FALSE
POR,GK,GK,-0.323283448749049,-0.248213826328385,-0.075069622420664,66,FALSE
POR,MID,AM,0.384443894654882,0.260627209727415,0.123816684927465,54,FALSE
POR,MID,CM,0.304525925336893,0.164054771349567,0.140471153987325,67,FALSE
POR,MID,DM,0.329471922072391,0.161897657583283,0.16757426448911,80,FALSE
POR,MID,W,0.365924691779686,0.234159720183307,0.131764971596379,22,FALSE
POR,OTHER,OTHER,0.402014284647126,0.245282577739201,0.156731706907924,250,FALSE
SAU,DEF,CB,0.313000188922948,0.159745408528914,0.153254780394032,149,FALSE
SAU,DEF,FB,0.316454028931952,0.175005100832288,0.141448928099664,134,FALSE
SAU,FWD,ST,0.448807428264536,0.332040033518103,0.116767394746433,110,FALSE
SAU,FWD,W,0.505995664959475,0.337465355101712,0.168530309857764,36,FALSE
SAU,GK,GK,-0.344322444444285,-0.261837879784048,-0.0824845646602362,72,FALSE
SAU,MID,AM,0.436011345843205,0.304470283491617,0.131541062351588,30,FALSE
SAU,MID,CM,0.353955296403015,0.207282157425516,0.146673138977498,114,FALSE
SAU,MID,DM,0.380450499469695,0.205782771312694,0.174667728157002,58,FALSE
SAU,MID,W,0.416914686158193,0.2778826623205,0.139032023837693,86,FALSE
SAU,OTHER,OTHER,0.44965030912387,0.286458331655712,0.163191977468154,221,FALSE
SCO,DEF,CB,0.308906458656636,0.150151973858028,0.158754484798608,73,FALSE
SCO,DEF,FB,0.313738113464403,0.166844815437432,0.146893298026972,70,FALSE
SCO,FWD,ST,0.445135682634623,0.323223412401668,0.121912270232951,51,FALSE
SCO,FWD,W,0.500051377601308,0.325518869998327,0.17453250760298,48,FALSE
SCO,GK,GK,-0.38932570972361,-0.307338645289468,-0.081987064434138,36,FALSE
SCO,MID,AM,0.42720741682099,0.293405483897592,0.133801932923398,28,FALSE
SCO,MID,CM,0.353708671739357,0.198681543753937,0.155027127985417,23,FALSE
SCO,MID,DM,0.374003438277737,0.194549713862575,0.179453724415163,51,FALSE
SCO,MID,W,0.410421930428409,0.267298669261609,0.143123261166802,16,FALSE
SCO,OTHER,OTHER,0.448076779503537,0.280536302864153,0.167540476639384,132,FALSE
SUD,DEF,CB,0.268662612334442,0.115155572362716,0.153507039971725,0,FALSE
SUD,DEF,FB,0.279880069676946,0.138490676957253,0.141389392719688,0,FALSE
SUD,FWD,ST,0.403633759333665,0.30411689136483,0.0995168679688307,0,FALSE
SUD,FWD,W,0.445026622218445,0.287787993417852,0.157238628800591,0,FALSE
SUD,GK,GK,-0.30831369288264,-0.222562229985231,-0.0857514628974094,0,FALSE
SUD,MID,AM,0.373456614907006,0.259994358543953,0.113462256363053,0,FALSE
SUD,MID,CM,0.327280839271398,0.173138419098557,0.154142420172845,0,FALSE
SUD,MID,DM,0.327777976706486,0.160601351071953,0.167176625634534,0,FALSE
SUD,MID,W,0.364050568885798,0.235422730891918,0.128627837993881,0,FALSE
SUD,OTHER,OTHER,0.419013348449543,0.265741843881471,0.15327150456808,0,FALSE
TUR,DEF,CB,0.294960861222079,0.144904619067016,0.150056242155066,120,FALSE
TUR,DEF,FB,0.298967150667269,0.160738947751289,0.138228202915982,90,FALSE
TUR,FWD,ST,0.423168124185901,0.312056589009902,0.111111535176,70,FALSE
TUR,FWD,W,0.47882370474629,0.315371055958693,0.163452648787601,42,FALSE
TUR,GK,GK,-0.358826145590158,-0.268367882360659,-0.0904582632294976,55,FALSE
TUR,MID,AM,0.414511020418463,0.287921835382752,0.126589185035712,33,FALSE
TUR,MID,CM,0.334796152154934,0.191407882567443,0.14338826958749,69,FALSE
TUR,MID,DM,0.359594986285921,0.189188289767479,0.170406696518442,56,FALSE
TUR,MID,W,0.396046671468412,0.261465757412917,0.134580914055496,60,FALSE
TUR,OTHER,OTHER,0.430997730007697,0.27185723375574,0.159140496251958,178,FALSE
UCL,DEF,CB,0.247322111571066,0.11770241174248,0.129619699828584,150,FALSE
UCL,DEF,FB,0.250938278661709,0.133130950352149,0.117807328309559,108,FALSE
UCL,FWD,ST,0.368396682264955,0.280582478668352,0.087814203596607,130,FALSE
UCL,FWD,W,0.426599176695994,0.28740468934853,0.139194487347464,46,FALSE
UCL,GK,GK,-0.383717601871057,-0.286413266133989,-0.0973043357370677,69,FALSE
UCL,MID,AM,0.360428111863154,0.256517946760452,0.103910165102702,37,FALSE
UCL,MID,CM,0.279690739152535,0.159709550629984,0.11998118852255,109,FALSE
UCL,MID,DM,0.305230457755833,0.15780450612204,0.147425951633793,53,FALSE
UCL,MID,W,0.341687602936728,0.23000441765884,0.111683185277888,46,FALSE
UCL,OTHER,OTHER,0.379952105760087,0.241932665463332,0.138019440296753,241,FALSE
UECL,DEF,CB,0.17671242754182,0.077048213458736,0.0996642140830829,484,FALSE
UECL,DEF,FB,0.178845138694556,0.0909337189950625,0.087911419699494,348,FALSE
UECL,FWD,ST,0.257370002788908,0.209381810893059,0.0479881918958475,409,FALSE
UECL,FWD,W,0.320132876859195,0.222484816254481,0.0976480606047133,146,FALSE
UECL,GK,GK,-0.335627196065302,-0.230957476102989,-0.104669719962313,216,FALSE
UECL,MID,AM,0.280099377098972,0.207517591914049,0.0725817851849229,110,FALSE
UECL,MID,CM,0.192376422358787,0.108697607533815,0.083678814824972,346,FALSE
UECL,MID,DM,0.222977741692019,0.108941505167307,0.114036236524712,173,FALSE
UECL,MID,W,0.259472188683028,0.180611566139325,0.0788606225437028,144,FALSE
UECL,OTHER,OTHER,0.298902599857724,0.191595657273444,0.107306942584282,751,FALSE
UEL,DEF,CB,0.193007163419598,0.0874999166246363,0.105507246794963,226,FALSE
UEL,DEF,FB,0.196005778748132,0.10228610195027,0.0937196767978632,152,FALSE
UEL,FWD,ST,0.288766021879918,0.232666840479091,0.0560991814008269,193,FALSE
UEL,FWD,W,0.348663878431539,0.241823993035182,0.106839885396357,56,FALSE
UEL,GK,GK,-0.32743484546178,-0.240707792456775,-0.0867270530050063,100,FALSE
UEL,MID,AM,0.297612456422555,0.220345788873078,0.0772666675494771,40,FALSE
UEL,MID,CM,0.213704180458528,0.122624290341307,0.0910798901172221,172,FALSE
UEL,MID,DM,0.241541466559289,0.121694696067691,0.119846770491599,70,FALSE
UEL,MID,W,0.278015543819795,0.193654097240062,0.0843614465797337,90,FALSE
UEL,OTHER,OTHER,0.318461526377181,0.20600759979591,0.112453926581271,365,FALSE
__default__,DEF,CB,0.264542356351599,0.131712459710044,0.132829896641554,0,FALSE
__default__,DEF,FB,0.266500675332898,0.144992626067942,0.121508049264957,0,FALSE
__default__,FWD,ST,0.364431979984254,0.272747337990518,0.0916846419937361,0,FALSE
__default__,FWD,W,0.455307727900048,0.304492777344291,0.150814950555757,0,FALSE
__default__,GK,GK,-0.362440732504493,-0.270397221400937,-0.0920435111035556,0,FALSE
__default__,MID,AM,0.398128014351906,0.278899796127982,0.119228218223924,0,FALSE
__default__,MID,CM,0.279917346049081,0.163590228280453,0.116327117768628,0,FALSE
__default__,MID,DM,0.334037593817129,0.176584276441037,0.157453317376092,0,FALSE
__default__,MID,W,0.361853406119187,0.243665336875895,0.118188069243292,0,FALSE
__default__,OTHER,OTHER,0.391350747446395,0.24709336212184,0.144257385324556,0,FALSE
