model,stat_name,n_players,n_player_matches,sd_match,var_between,var_within,lambda
outfield,goals_p90,43897,1891380,0.453573730472575,0.0110062924620658,0.186852444013626,0.0556270228856837
outfield,shots_p90,43897,1891380,1.64715637478798,0.695063237528201,1.9195749539249,0.265835341884116
outfield,shots_on_target_p90,43897,1891380,0.879267749388567,0.107614050636514,0.632985111399238,0.14530674101859
outfield,shots_ibox_p90,43897,1891380,1.21500162028889,0.336667456080856,1.11445823777288,0.232004338085126
outfield,shots_obox_p90,43897,1891380,0.875109527939279,0.125026990176014,0.62424260789985,0.166865158411719
outfield,big_chance_scored_p90,43897,1891380,0.347322333639525,0.00494691861662779,0.111551361989569,0.0424634474507828
outfield,big_chance_missed_p90,43897,1891380,0.43575250532971,0.0125634411451401,0.172836142801828,0.0677641280399732
outfield,assists_p90,43897,1891380,0.364491706187654,0.000782934196015577,0.128358560335585,0.00606260752096215
outfield,big_chance_created_p90,43897,1891380,0.460441263023846,0.00436888279968214,0.200581255645535,0.0213168082384582
outfield,total_att_assist_p90,43897,1891380,1.33463250618643,0.256519696325319,1.43235673124532,0.151887782988545
outfield,key_passes_p90,43897,1891380,1.68994219241687,0.369666146292583,2.43483219003803,0.131811861502564
outfield,through_balls_p90,43897,1891380,0.39757463218821,0.00465369353753023,0.146955194406607,0.0306953873261373
outfield,passes_p90,43897,1891380,20.2925328670112,157.081245982968,228.216238563398,0.40768822087668
outfield,passes_accurate_p90,43897,1891380,19.0570933773822,133.943806803344,200.56689502257,0.40041710496022
outfield,final_third_passes_p90,43897,1891380,7.73182380227364,16.2266723218201,39.2014672333375,0.29275152390191
outfield,long_balls_p90,43897,1891380,3.81035952137982,6.15411803774878,8.01381534267917,0.434369492889505
outfield,crosses_p90,43897,1891380,2.790395303393,2.7835521526241,4.6790192708022,0.373001743592839
outfield,forward_pass_p90,43897,1891380,8.25869059884151,29.7150783419909,35.912884659805,0.452780750503832
outfield,tackles_p90,43897,1891380,1.72782266620916,0.456821404539786,2.48776946184636,0.155139177314788
outfield,tackles_won_p90,43897,1891380,1.31902254586054,0.208668016185964,1.50829248498482,0.12153338183591
outfield,interceptions_p90,43897,1891380,1.40838783809018,0.396073634758965,1.58225182116919,0.200206509789433
outfield,interceptions_won_p90,43897,1891380,1.40836085090884,0.395970947444463,1.58222589450073,0.200167616815675
outfield,clearances_p90,43897,1891380,2.48163395928976,2.41816979972561,3.58675319082521,0.402697886972202
outfield,clearances_effective_p90,43897,1891380,2.44371106023684,2.29101350467785,3.52328985297071,0.394030611021367
outfield,blocks_p90,43897,1891380,0.673563443229369,0.0511534563000442,0.387148613991293,0.116708224230022
outfield,blocked_passes_p90,43897,1891380,1.50006814233224,0.280049729736767,1.95578338583217,0.125255202540242
outfield,duel_won_p90,43897,1891380,3.2789402006161,1.96357186881086,8.80358625731825,0.18236677178965
outfield,duel_lost_p90,43897,1891380,3.57799562454948,4.28741658703916,9.05503402986505,0.32133651531805
outfield,aerial_won_p90,43897,1891380,1.93432233433373,1.15022184383863,2.55206807739183,0.310678490423666
outfield,aerial_lost_p90,43897,1891380,1.93275035785429,1.18791468448424,2.76646735304809,0.300404632938688
outfield,touches_p90,43897,1891380,22.251182754857,187.382657402277,291.17139974485,0.391560064330763
outfield,touches_opp_box_p90,43897,1891380,2.64322047577186,2.33698456076482,4.48851385652016,0.342390316119129
outfield,poss_won_def3rd_p90,43897,1891380,2.02133013777185,0.805299882765247,3.18803634240189,0.201660926442912
outfield,poss_won_mid3rd_p90,43897,1891380,2.04003977398537,0.679438000341835,3.39911129632151,0.166588154493482
outfield,poss_won_att3rd_p90,43897,1891380,0.778594414161475,0.0469353593000088,0.543032788423564,0.0795557514098206
outfield,ball_recovery_p90,43897,1891380,3.09133181526004,1.94159749279436,7.4907488181273,0.205844593571188
outfield,dispossessed_p90,43897,1891380,1.37882743502464,0.426378211112042,1.47174283319303,0.224631728514524
outfield,turnover_p90,43897,1891380,1.7730301397642,0.955706846249213,2.25680773795913,0.297494943975399
outfield,times_tackled_p90,43897,1891380,1.82306811919705,1.29591371665639,2.26725774610361,0.363696703961754
outfield,corners_taken_p90,43897,1891380,1.44194761601398,0.590994863164818,1.36493347377799,0.302155683315354
outfield,corners_won_p90,43897,1891380,0.928543321705325,0.0984664543834145,0.742076354443911,0.117146269469355
outfield,pen_area_entries_p90,43897,1891380,3.30539958585938,3.58209516397986,6.69345474349537,0.348603743472062
outfield,final_third_entries_p90,43897,1891380,4.16013916435105,4.99645168400402,11.9535311096465,0.294776209795074
outfield,fouls_p90,43897,1891380,1.41619790877941,0.241714726907864,1.75735167249641,0.120913806054614
outfield,was_fouled_p90,43897,1891380,1.43128406468984,0.39489146047092,1.63819461074211,0.194232534501262
outfield,fwd_zone_pass_p90,43897,1891380,13.3520316048261,53.3312645607457,114.739429663718,0.31731447773709
outfield,open_play_pass_p90,43897,1891380,19.885667427886,148.334501687227,222.208243840336,0.400316841923419
outfield,error_lead_to_shot_p90,43897,1891380,0.153340717952402,-4.59948343236173e-05,0.0229188483465941,0
outfield,error_lead_to_goal_p90,43897,1891380,0.102743910459436,-9.18760956740546e-05,0.0102484057094009,0
outfield,att_fastbreak_p90,43897,1891380,0.289639156521026,0.00471741139793237,0.0785707433585638,0.0566396435570501
outfield,shot_fastbreak_p90,43897,1891380,0.289639156521026,0.00471741139793237,0.0785707433585638,0.0566396435570501
outfield,att_openplay_p90,43897,1891380,1.41588734315623,0.536046873218694,1.38823545739958,0.278569763225161
outfield,att_setpiece_p90,43897,1891380,0.333714305695103,0.000788400705994024,0.107844119989161,0.00725750172185026
outfield,att_headed_p90,43897,1891380,0.599365803898732,0.0480192051997528,0.306179681610624,0.135571304676235
outfield,att_one_on_one_p90,43897,1891380,0.168826686900994,0.000329676773604336,0.0277132899898876,0.011756130383235
outfield,crosses_open_play_p90,43897,1891380,2.13282516860032,1.50566075135302,2.91869340948566,0.340311986025008
outfield,penalty_won_p90,43897,1891380,0.131340466651059,-3.53999969789323e-05,0.016933342714033,0
outfield,penalty_conceded_p90,43897,1891380,0.135397281956254,-7.96016044926311e-05,0.0177414389832425,0
outfield,offtarget_att_assist_p90,43897,1891380,0.78793525318092,0.047616158869091,0.550758415556527,0.0795758391218375
outfield,last_man_tackle_p90,43897,1891380,0.0863180656767591,-2.86236524480142e-05,0.00725676142792626,0
outfield,six_yard_block_p90,43897,1891380,0.199483102212491,-0.000114739276392811,0.0391311348964517,0
outfield,clearance_off_line_p90,43897,1891380,0.100499966732878,-7.64560303257463e-05,0.00983918619734731,0
outfield,unsuccessful_touch_p90,43897,1891380,1.7730301397642,0.955706846249213,2.25680773795913,0.297494943975399
outfield,overrun_p90,43897,1891380,0.513174746341292,0.026579135615369,0.23681485228347,0.100910183362185
outfield,flick_on_p90,43897,1891380,1.2795189976342,0.726996209490295,1.02569074218125,0.414789537171458
outfield,xg_per90,43897,1891380,0.281004746835064,0.0120504209794104,0.0628419209649711,0.160903246801383
outfield,npxg_per90,43897,1891380,0.251433141297411,0.00989954766975706,0.0507316680377459,0.163274767860741
outfield,xa_per90_xmetrics,43897,1891380,0.17508206568534,0.0014252140614267,0.028024614934286,0.0483946464216884
outfield,xpass_overperformance_per90_xmetrics,43897,1891380,2.89828030012979,1.13084709255785,6.92306529036505,0.140409659155921
outfield,npg_minus_npxg_per90,43897,1891380,0.347797136479068,-0.00187001026257082,0.120749234790789,0
outfield,placement_added_per90,43897,1891380,0.230199841913249,-0.000745869046851243,0.0527623043373665,0
outfield,aerial_woe_per90,43897,1891380,1.05519027343302,0.0857175308862956,1.0041402906666,0.078650195641263
outfield,aerial_poss_woe_per90,43897,1891380,0.431330596458264,0.000985930091538967,0.18146193953004,0.00540390026797197
outfield,takeon_woe_per90,43897,1891380,0.777138966300458,0.0139269939620569,0.580840109216041,0.0234158780598977
outfield,tackle_poss_woe_per90,43897,1891380,0.703619673481954,0.00236140879260465,0.48274075704944,0.00486785868808831
outfield,containment_woe_per90,43897,1891380,0.750552635500527,0.0120253674050502,0.536802283525471,0.0219110086466335
outfield,saves_p90,43897,1891380,0.0732039096959531,0.0033241780298814,0.000886342587965769,0.789493350487628
outfield,saves_ibox_p90,43897,1891380,0.0479342288439891,0.00117955268895695,0.000379065338379548,0.756793947117802
outfield,saves_obox_p90,43897,1891380,0.0328433507616984,0.000539571375656511,0.000230519766301201,0.700659111965399
outfield,keeper_sweeper_p90,43897,1891380,0.0247106815668608,0.000303535008674483,0.000160419946622698,0.654233789743784
outfield,gk_smother_p90,43897,1891380,0.00813774315834197,9.02975747474496e-06,2.47701397735435e-05,0.267153400154262
outfield,high_claim_p90,43897,1891380,0.0330378993772982,0.000519568620282773,0.000219649358446839,0.702862532071637
outfield,good_high_claim_p90,43897,1891380,0.0301394538470841,0.000413725098724772,0.000197061520796733,0.677364378166777
outfield,punches_p90,43897,1891380,0.0202557241205308,0.000112425783492192,0.000112774114959569,0.499226617174847
outfield,keeper_throws_p90,43897,1891380,0.0921848186566038,0.00694678774290828,0.000927461600254015,0.882215871020215
outfield,keeper_pickup_p90,43897,1891380,0.142728509276091,0.0193565516550602,0.00249036323336674,0.886008470940399
outfield,gsaa_per90,43897,1891380,0,0,0,0
outfield,goals_conceded_p90,43897,1891380,1.40158523447427,0.0569700399829104,1.84630322867488,0.029932664384598
gk,goals_p90,3403,149803,0.0233372097806592,1.31640380026073e-05,0.000532881508077217,0.0241079486814144
gk,shots_p90,3403,149803,0.0541054235264178,3.11661519085583e-05,0.00285113860184942,0.0108129273519476
gk,shots_on_target_p90,3403,149803,0.0311941815148543,1.80940726690222e-05,0.000949824927732516,0.018693788076808
gk,shots_ibox_p90,3403,149803,0.0442119463802098,-1.25219125890902e-05,0.00193810360599505,0
gk,shots_obox_p90,3403,149803,0.0213889762145396,1.66660232792248e-05,0.00045457284281257,0.0353664022185689
gk,big_chance_scored_p90,3403,149803,0.0213835527715302,1.33566846687014e-05,0.000443541149011011,0.0292334164973618
gk,big_chance_missed_p90,3403,149803,0.015343092840947,-2.81333562580634e-06,0.000234393936171993,0
gk,assists_p90,3403,149803,0.0531353563793466,-1.83229244793423e-05,0.00282281485672114,0
gk,big_chance_created_p90,3403,149803,0.0689916767028827,-2.56004791985047e-05,0.00474628652299949,0
gk,total_att_assist_p90,3403,149803,0.167625209675307,0.000136904233144574,0.0276986221215517,0.00491832744242237
gk,key_passes_p90,3403,149803,0.17821215006206,0.000175421443115481,0.0310436246157333,0.00561905199745074
gk,through_balls_p90,3403,149803,0.0397732739201263,-1.89027691371953e-05,0.00160517166946705,0
gk,passes_p90,3403,149803,9.63791068696266,28.6353194456757,67.5037838079395,0.297852990891081
gk,passes_accurate_p90,3403,149803,8.139656443615,21.0432122728057,46.5214866857732,0.311452764493281
gk,final_third_passes_p90,3403,149803,4.13175804277679,4.83340629188953,12.334427573757,0.281538505656288
gk,long_balls_p90,3403,149803,8.41533643101943,15.7155402773593,55.9791637747075,0.219200852910226
gk,crosses_p90,3403,149803,0.043508540595046,-1.31350215015352e-05,0.00189664190711292,0
gk,forward_pass_p90,3403,149803,8.0296173495156,16.2540393057024,49.9334014883393,0.245575884347618
gk,tackles_p90,3403,149803,0.171815381437441,0.000326893366378753,0.0285338443453985,0.0113265769448907
gk,tackles_won_p90,3403,149803,0.133093783375085,0.000151890013164293,0.0171643992949459,0.00877151048135664
gk,interceptions_p90,3403,149803,0.185132361399455,0.000877750544916231,0.0332221375038725,0.0257405696951374
gk,interceptions_won_p90,3403,149803,0.185132361399455,0.000877750544916231,0.0332221375038725,0.0257405696951374
gk,clearances_p90,3403,149803,1.04145628435194,0.0655202009752905,1.0088306335569,0.0609858519855112
gk,clearances_effective_p90,3403,149803,1.03412416091638,0.0658813744345459,0.99401575185681,0.0621582725344947
gk,blocks_p90,3403,149803,0.015567944765086,3.38831562083607e-06,0.000240038292233602,0.0139192492172515
gk,blocked_passes_p90,3403,149803,0.147956082418347,8.08703977373327e-05,0.021465533279886,0.0037533130329921
gk,duel_won_p90,3403,149803,0.718465794880305,0.0190533408888972,0.495112597400009,0.0370567932840998
gk,duel_lost_p90,3403,149803,0.305303950051215,0.00145769326634203,0.0902176257141454,0.0159006075195908
gk,aerial_won_p90,3403,149803,0.578962937342619,0.00874403588075338,0.324786139314901,0.0262166260537716
gk,aerial_lost_p90,3403,149803,0.165783027290334,0.00030396929975286,0.026859915602174,0.0111901998131091
gk,touches_p90,3403,149803,11.1842887021431,33.6146781243988,95.3225279269799,0.260705805204156
gk,touches_opp_box_p90,3403,149803,0.0938631824183606,-4.39726754904902e-05,0.00874658141310332,0
gk,poss_won_def3rd_p90,3403,149803,1.32404885689186,0.1553825843534,1.5958695340681,0.088726564678451
gk,poss_won_mid3rd_p90,3403,149803,0.152661363721718,-3.29527400817035e-05,0.0232016848151944,0
gk,poss_won_att3rd_p90,3403,149803,0.0329283378023163,-6.86500258979214e-06,0.00106807451917856,0
gk,ball_recovery_p90,3403,149803,3.54736062391926,2.11586124669429,10.8437624810219,0.163265638813971
gk,dispossessed_p90,3403,149803,0.0576118301720261,-1.23362824343991e-05,0.00326214747559425,0
gk,turnover_p90,3403,149803,0.188290419734551,0.000452758292915228,0.0342540820997951,0.0130452178242743
gk,times_tackled_p90,3403,149803,0.057194676782281,-1.32339087924948e-05,0.00320391536665346,0
gk,corners_taken_p90,3403,149803,0.0132244763069139,-2.8295101181259e-06,0.000171742048209954,0
gk,corners_won_p90,3403,149803,0.103216135693722,0.000107350770501451,0.0104789783308841,0.0101405094696519
gk,pen_area_entries_p90,3403,149803,0.653558107152162,0.0440776511846638,0.380599286877705,0.103791016733267
gk,final_third_entries_p90,3403,149803,4.13450647090994,4.84410158231048,12.3496053784683,0.281736893234283
gk,fouls_p90,3403,149803,0.154328103676143,0.000250623423430013,0.0232126966335907,0.0106814987316777
gk,was_fouled_p90,3403,149803,0.401869113601313,0.00536089266261552,0.155067838849962,0.0334160384618837
gk,fwd_zone_pass_p90,3403,149803,8.04170506114652,16.9171193649926,48.8418291173421,0.257259578436495
gk,open_play_pass_p90,3403,149803,8.83622239421807,30.4441677387586,50.6017583969525,0.375640938296886
gk,error_lead_to_shot_p90,3403,149803,0.18201648283785,0.000141158852603152,0.0323044683398125,0.00435062795260585
gk,error_lead_to_goal_p90,3403,149803,0.221948421527965,0.000834899949887914,0.0474223754221821,0.0173010171720373
gk,att_fastbreak_p90,3403,149803,0.00366801480763506,2.04118267397599e-06,1.34197363415413e-05,0.132022079148553
gk,shot_fastbreak_p90,3403,149803,0.00366801480763506,2.04118267397599e-06,1.34197363415413e-05,0.132022079148553
gk,att_openplay_p90,3403,149803,0.0130501794403052,1.0934097706946e-05,0.000172463368683551,0.0596196769897829
gk,att_setpiece_p90,3403,149803,0.0207049323874858,-2.12080086224767e-06,0.000433806437768765,0
gk,att_headed_p90,3403,149803,0.0362020248482875,-1.29091776875245e-05,0.00130773544814356,0
gk,att_one_on_one_p90,3403,149803,0.00259368686824363,-1.93046304546106e-07,6.91990860499856e-06,0
gk,crosses_open_play_p90,3403,149803,0.0412896105126171,-1.75691421592472e-05,0.00172030982806495,0
gk,penalty_won_p90,3403,149803,0.00430111020190961,-2.4324726493386e-07,1.37786965433463e-05,0
gk,penalty_conceded_p90,3403,149803,0.119838727734185,0.000180903197759818,0.0139891820024814,0.0127665568134155
gk,offtarget_att_assist_p90,3403,149803,0.105430140794419,1.69361416591381e-05,0.0109530147185004,0.00154386668409304
gk,last_man_tackle_p90,3403,149803,0.0786337172093935,4.75468936656494e-05,0.00603304414235496,0.00781945264596614
gk,six_yard_block_p90,3403,149803,0.0113155557294017,2.42900102977576e-06,0.000125668632671571,0.0189621069460101
gk,clearance_off_line_p90,3403,149803,0.0044923672129059,3.01223119948032e-06,1.32281501730848e-05,0.185477861041421
gk,unsuccessful_touch_p90,3403,149803,0.188290419734551,0.000452758292915228,0.0342540820997951,0.0130452178242743
gk,overrun_p90,3403,149803,0.0186911374708441,1.83714603539494e-06,0.000329680126036107,0.00554162992448459
gk,flick_on_p90,3403,149803,0.0155357808694819,5.78655170729501e-06,0.000239365985480505,0.0236038826017216
gk,xg_per90,3403,149803,0.0183822486068999,1.16451168926824e-05,0.000322494403661548,0.0348510612374342
gk,npxg_per90,3403,149803,0.00624671803223037,-5.81196809313012e-07,3.97191848299716e-05,0
gk,xa_per90_xmetrics,3403,149803,0.0210408022947913,2.11170250397948e-06,0.000443875627236578,0.00473489348948077
gk,xpass_overperformance_per90_xmetrics,3403,149803,2.2492958684393,0.397546302132934,4.67291559809755,0.0784043564383874
gk,npg_minus_npxg_per90,3403,149803,0.0103911145414108,-1.90271158163502e-06,0.000110569676074755,0
gk,placement_added_per90,3403,149803,0.00773228173940105,-1.0681599809378e-06,6.11116289280034e-05,0
gk,aerial_woe_per90,3403,149803,0.225997463537825,0.000798727126013044,0.0498755137013211,0.0157619949104832
gk,aerial_poss_woe_per90,3403,149803,0.265080697165502,0.00047140310918434,0.0692603344407307,0.00676023752953097
gk,takeon_woe_per90,3403,149803,0.0525883853680961,6.66229640639217e-06,0.00271922977153047,0.00244407931068036
gk,tackle_poss_woe_per90,3403,149803,0.0816017587825574,1.76295543924343e-05,0.00647200968795464,0.00271656924739291
gk,containment_woe_per90,3403,149803,0.160041593545168,0.000162433740267033,0.0249621162467504,0.00646514028513815
gk,saves_p90,3403,149803,2.00613097596372,0.178069212596533,3.82646722263495,0.044466872876945
gk,saves_ibox_p90,3403,149803,1.52244968295472,0.0778883604923885,2.21823748760486,0.0339216426473022
gk,saves_obox_p90,3403,149803,1.13201436880684,0.039636549191757,1.23611576002678,0.0310691573163104
gk,keeper_sweeper_p90,3403,149803,0.758426787416196,0.0565407453727042,0.533696819972878,0.0957932003863559
gk,gk_smother_p90,3403,149803,0.341973236382938,0.00327307543651754,0.112894421796498,0.0281754838012237
gk,high_claim_p90,3403,149803,1.03693320101313,0.0949746120225139,0.994638515416571,0.087163608468753
gk,good_high_claim_p90,3403,149803,0.981100059462245,0.083881880106378,0.893750356157668,0.0858010578977293
gk,punches_p90,3403,149803,0.714283045904774,0.0273952527912686,0.479305390968833,0.0540659522118921
gk,keeper_throws_p90,3403,149803,2.54596220877314,1.01883409147794,5.57710943470767,0.15446373781601
gk,keeper_pickup_p90,3403,149803,3.07391736720891,1.34986096050016,8.30923312027963,0.139750265315894
gk,gsaa_per90,3403,149803,0.74704044830664,0.0094026251719146,0.542280894247304,0.017043512885455
gk,goals_conceded_p90,3403,149803,1.24054173188242,0.070346625859212,1.43426689513634,0.0467539503517596
