target,base_feature,column,coef,is_deviation,candidate,constrained,expected,violation,at_zero
defense,poss_lost_ctrl_per_touch,poss_lost_ctrl_per_touch,-0.0514127345569585,FALSE,S2,FALSE,nonneg,TRUE,FALSE
defense,gsaa_per90,gsaa_per90,0.0508071999978186,FALSE,S2,FALSE,nonpos,TRUE,FALSE
defense,clearance_off_line_p90,clearance_off_line_p90,0.0208360073503776,FALSE,S2,FALSE,nonpos,TRUE,FALSE
defense,back_zone_pass_accuracy,back_zone_pass_accuracy,0.0100734316610117,FALSE,S2,FALSE,nonpos,TRUE,FALSE
defense,last_man_tackle_p90,last_man_tackle_p90,-0.00964379586196241,FALSE,S2,FALSE,nonpos,FALSE,FALSE
defense,pen_goals_conceded_p90,pen_goals_conceded_p90,0.00906974008996933,FALSE,S2,FALSE,nonneg,FALSE,FALSE
defense,aerial_woe_per90,aerial_woe_per90,-0.00589643489113863,FALSE,S2,FALSE,nonpos,FALSE,FALSE
defense,tackles_p90,tackles_p90,-0.00527128288974335,FALSE,S2,FALSE,nonpos,FALSE,FALSE
defense,fifty_fifty_success,fifty_fifty_success,-0.00426289622406725,FALSE,S2,FALSE,nonpos,FALSE,FALSE
defense,errors_total_p90,errors_total_p90,0.00390196330000405,FALSE,S2,FALSE,nonneg,FALSE,FALSE
defense,clearances_p90,clearances_p90,-0.00358679271570194,FALSE,S2,FALSE,nonpos,FALSE,FALSE
defense,blocks_p90,blocks_p90,-0.00322787115560157,FALSE,S2,FALSE,nonpos,FALSE,FALSE
defense,tackles_won_p90,tackles_won_p90,0.00320098889312422,FALSE,S2,FALSE,nonpos,TRUE,FALSE
defense,clearances_p90,dev__CF__clearances_p90,0.00293586644869424,TRUE,S2,FALSE,nonpos,TRUE,FALSE
defense,clearances_p90,dev__CB__clearances_p90,0.00282654042996145,TRUE,S2,FALSE,nonpos,TRUE,FALSE
defense,penalty_conceded_p90,penalty_conceded_p90,-0.00281644367971273,FALSE,S2,FALSE,nonneg,TRUE,FALSE
defense,clearances_p90,dev__FBWB__clearances_p90,0.00269285802969691,TRUE,S2,FALSE,nonpos,TRUE,FALSE
defense,aerial_poss_woe_per90,aerial_poss_woe_per90,-0.00250761240462075,FALSE,S2,FALSE,nonpos,FALSE,FALSE
defense,error_lead_to_goal_p90,error_lead_to_goal_p90,0.00237052451628891,FALSE,S2,FALSE,nonneg,FALSE,FALSE
defense,poss_lost_ctrl_p90,poss_lost_ctrl_p90,0.00162691096353294,FALSE,S2,FALSE,nonneg,FALSE,FALSE
defense,aerial_lost_p90,aerial_lost_p90,-0.00149779797825408,FALSE,S2,FALSE,nonneg,TRUE,FALSE
defense,clearances_p90,dev__DMCM__clearances_p90,0.00135544837008712,TRUE,S2,FALSE,nonpos,TRUE,FALSE
defense,containment_woe_per90,containment_woe_per90,-0.00123237058663951,FALSE,S2,FALSE,nonpos,FALSE,FALSE
defense,aerial_won_p90,dev__DMCM__aerial_won_p90,-0.0010885223458044,TRUE,S2,FALSE,nonpos,FALSE,FALSE
defense,six_yard_block_p90,six_yard_block_p90,0.00101805456981008,FALSE,S2,FALSE,nonpos,TRUE,FALSE
defense,blocked_passes_p90,blocked_passes_p90,0.000841735189970542,FALSE,S2,FALSE,nonpos,TRUE,FALSE
defense,aerial_won_p90,dev__CF__aerial_won_p90,0.000834033337901784,TRUE,S2,FALSE,nonpos,TRUE,FALSE
defense,fifty_fifty_won_p90,fifty_fifty_won_p90,-0.000671146583186256,FALSE,S2,FALSE,nonpos,FALSE,FALSE
defense,aerial_won_p90,dev__AMWIDE__aerial_won_p90,0.00063764075998866,TRUE,S2,FALSE,nonpos,TRUE,FALSE
defense,poss_won_def3rd_p90,poss_won_def3rd_p90,-0.000577205050421862,FALSE,S2,FALSE,nonpos,FALSE,FALSE
defense,ball_recovery_p90,ball_recovery_p90,-0.000522787531487564,FALSE,S2,FALSE,nonpos,FALSE,FALSE
defense,aerial_won_p90,dev__CB__aerial_won_p90,-0.000428194343683497,TRUE,S2,FALSE,nonpos,FALSE,FALSE
defense,aerial_won_p90,dev__FBWB__aerial_won_p90,-0.00039686657492474,TRUE,S2,FALSE,nonpos,FALSE,FALSE
defense,poss_won_mid3rd_p90,poss_won_mid3rd_p90,0.000290877906403196,FALSE,S2,FALSE,nonpos,TRUE,FALSE
defense,tackle_poss_woe_per90,tackle_poss_woe_per90,-0.000257991044348146,FALSE,S2,FALSE,nonpos,FALSE,FALSE
defense,interceptions_p90,interceptions_p90,0.000160424837496533,FALSE,S2,FALSE,nonpos,TRUE,FALSE
defense,clearances_effective_p90,clearances_effective_p90,-0.000141279849220412,FALSE,S2,FALSE,nonpos,FALSE,FALSE
defense,unsuccessful_touch_p90,unsuccessful_touch_p90,6.19092057569716e-05,FALSE,S2,FALSE,nonneg,FALSE,FALSE
defense,aerial_won_p90,aerial_won_p90,0,FALSE,S2,FALSE,nonpos,FALSE,TRUE
defense,clearances_p90,dev__AMWIDE__clearances_p90,0,TRUE,S2,FALSE,nonpos,FALSE,TRUE
defense,error_lead_to_shot_p90,error_lead_to_shot_p90,0,FALSE,S2,FALSE,nonneg,FALSE,TRUE
defense,fouls_p90,fouls_p90,0,FALSE,S2,FALSE,nonneg,FALSE,TRUE
defense,interceptions_won_p90,interceptions_won_p90,0,FALSE,S2,FALSE,nonpos,FALSE,TRUE
offense,xa_per90_xmetrics,xa_per90_xmetrics,0.0400431682238702,FALSE,S2,FALSE,nonneg,FALSE,FALSE
offense,penalty_won_p90,penalty_won_p90,0.0337608876342464,FALSE,S2,FALSE,nonneg,FALSE,FALSE
offense,xg_per90,xg_per90,0.0242219060543579,FALSE,S2,FALSE,nonneg,FALSE,FALSE
offense,big_chance_scored_p90,big_chance_scored_p90,0.0132104547913404,FALSE,S2,FALSE,nonneg,FALSE,FALSE
offense,npg_minus_npxg_per90,npg_minus_npxg_per90,-0.0122718998752976,FALSE,S2,FALSE,nonneg,TRUE,FALSE
offense,assists_p90,assists_p90,0.00636473070979226,FALSE,S2,FALSE,nonneg,FALSE,FALSE
offense,key_passes_p90,key_passes_p90,0.00098630192569125,FALSE,S2,FALSE,nonneg,FALSE,FALSE
offense,goals_p90,goals_p90,-0.000294505965502116,FALSE,S2,FALSE,nonneg,TRUE,FALSE
defense,last_man_tackle_p90,last_man_tackle_p90,-0.00987484249087787,FALSE,S3,TRUE,nonpos,FALSE,FALSE
defense,pen_goals_conceded_p90,pen_goals_conceded_p90,0.00872685960382515,FALSE,S3,TRUE,nonneg,FALSE,FALSE
defense,fifty_fifty_success,fifty_fifty_success,-0.00476653919028897,FALSE,S3,TRUE,nonpos,FALSE,FALSE
defense,errors_total_p90,errors_total_p90,0.00329611026085013,FALSE,S3,TRUE,nonneg,FALSE,FALSE
defense,tackles_p90,tackles_p90,-0.00316110442932657,FALSE,S3,TRUE,nonpos,FALSE,FALSE
defense,error_lead_to_goal_p90,error_lead_to_goal_p90,0.00308774928881659,FALSE,S3,TRUE,nonneg,FALSE,FALSE
defense,aerial_poss_woe_per90,aerial_poss_woe_per90,-0.00305313151091459,FALSE,S3,TRUE,nonpos,FALSE,FALSE
defense,aerial_woe_per90,aerial_woe_per90,-0.00303844366720103,FALSE,S3,TRUE,nonpos,FALSE,FALSE
defense,blocks_p90,blocks_p90,-0.00278659747075055,FALSE,S3,TRUE,nonpos,FALSE,FALSE
defense,clearances_p90,dev__AMWIDE__clearances_p90,-0.00181778238297632,TRUE,S3,TRUE,nonpos,FALSE,FALSE
defense,containment_woe_per90,containment_woe_per90,-0.00171687311411029,FALSE,S3,TRUE,nonpos,FALSE,FALSE
defense,aerial_won_p90,dev__DMCM__aerial_won_p90,-0.0014101394489481,TRUE,S3,TRUE,nonpos,FALSE,FALSE
defense,aerial_won_p90,aerial_won_p90,-0.00114498204304244,FALSE,S3,TRUE,nonpos,FALSE,FALSE
defense,poss_won_def3rd_p90,poss_won_def3rd_p90,-0.000972972777094151,FALSE,S3,TRUE,nonpos,FALSE,FALSE
defense,clearances_p90,clearances_p90,-0.000892288724210494,FALSE,S3,TRUE,nonpos,FALSE,FALSE
defense,poss_lost_ctrl_p90,poss_lost_ctrl_p90,0.000645668494528638,FALSE,S3,TRUE,nonneg,FALSE,FALSE
defense,fifty_fifty_won_p90,fifty_fifty_won_p90,-0.000563168740534998,FALSE,S3,TRUE,nonpos,FALSE,FALSE
defense,clearances_p90,dev__DMCM__clearances_p90,-0.000536941239458774,TRUE,S3,TRUE,nonpos,FALSE,FALSE
defense,clearances_effective_p90,clearances_effective_p90,-0.000530503705281737,FALSE,S3,TRUE,nonpos,FALSE,FALSE
defense,unsuccessful_touch_p90,unsuccessful_touch_p90,0.000443351687349381,FALSE,S3,TRUE,nonneg,FALSE,FALSE
defense,aerial_won_p90,dev__CB__aerial_won_p90,-0.000383108156762629,TRUE,S3,TRUE,nonpos,FALSE,FALSE
defense,aerial_won_p90,dev__FBWB__aerial_won_p90,-0.000331962049872553,TRUE,S3,TRUE,nonpos,FALSE,FALSE
defense,aerial_lost_p90,aerial_lost_p90,0,FALSE,S3,TRUE,nonneg,FALSE,TRUE
defense,aerial_won_p90,dev__AMWIDE__aerial_won_p90,0,TRUE,S3,TRUE,nonpos,FALSE,TRUE
defense,aerial_won_p90,dev__CF__aerial_won_p90,0,TRUE,S3,TRUE,nonpos,FALSE,TRUE
defense,back_zone_pass_accuracy,back_zone_pass_accuracy,0,FALSE,S3,TRUE,nonpos,FALSE,TRUE
defense,ball_recovery_p90,ball_recovery_p90,0,FALSE,S3,TRUE,nonpos,FALSE,TRUE
defense,blocked_passes_p90,blocked_passes_p90,0,FALSE,S3,TRUE,nonpos,FALSE,TRUE
defense,clearance_off_line_p90,clearance_off_line_p90,0,FALSE,S3,TRUE,nonpos,FALSE,TRUE
defense,clearances_p90,dev__CB__clearances_p90,0,TRUE,S3,TRUE,nonpos,FALSE,TRUE
defense,clearances_p90,dev__FBWB__clearances_p90,0,TRUE,S3,TRUE,nonpos,FALSE,TRUE
defense,clearances_p90,dev__CF__clearances_p90,0,TRUE,S3,TRUE,nonpos,FALSE,TRUE
defense,error_lead_to_shot_p90,error_lead_to_shot_p90,0,FALSE,S3,TRUE,nonneg,FALSE,TRUE
defense,fouls_p90,fouls_p90,0,FALSE,S3,TRUE,nonneg,FALSE,TRUE
defense,gsaa_per90,gsaa_per90,0,FALSE,S3,TRUE,nonpos,FALSE,TRUE
defense,interceptions_p90,interceptions_p90,0,FALSE,S3,TRUE,nonpos,FALSE,TRUE
defense,interceptions_won_p90,interceptions_won_p90,0,FALSE,S3,TRUE,nonpos,FALSE,TRUE
defense,penalty_conceded_p90,penalty_conceded_p90,0,FALSE,S3,TRUE,nonneg,FALSE,TRUE
defense,poss_lost_ctrl_per_touch,poss_lost_ctrl_per_touch,0,FALSE,S3,TRUE,nonneg,FALSE,TRUE
defense,poss_won_mid3rd_p90,poss_won_mid3rd_p90,0,FALSE,S3,TRUE,nonpos,FALSE,TRUE
defense,six_yard_block_p90,six_yard_block_p90,0,FALSE,S3,TRUE,nonpos,FALSE,TRUE
defense,tackle_poss_woe_per90,tackle_poss_woe_per90,0,FALSE,S3,TRUE,nonpos,FALSE,TRUE
defense,tackles_won_p90,tackles_won_p90,0,FALSE,S3,TRUE,nonpos,FALSE,TRUE
offense,xa_per90_xmetrics,xa_per90_xmetrics,0.03999254955993,FALSE,S3,TRUE,nonneg,FALSE,FALSE
offense,penalty_won_p90,penalty_won_p90,0.0336634684055862,FALSE,S3,TRUE,nonneg,FALSE,FALSE
offense,xg_per90,xg_per90,0.020939020433267,FALSE,S3,TRUE,nonneg,FALSE,FALSE
offense,big_chance_scored_p90,big_chance_scored_p90,0.013001012598665,FALSE,S3,TRUE,nonneg,FALSE,FALSE
offense,assists_p90,assists_p90,0.00636381123829644,FALSE,S3,TRUE,nonneg,FALSE,FALSE
offense,key_passes_p90,key_passes_p90,0.000985414287665503,FALSE,S3,TRUE,nonneg,FALSE,FALSE
offense,goals_p90,goals_p90,0,FALSE,S3,TRUE,nonneg,FALSE,TRUE
offense,npg_minus_npxg_per90,npg_minus_npxg_per90,0,FALSE,S3,TRUE,nonneg,FALSE,TRUE
